"","Strategy","Cost","Effect","Inc_Cost","Inc_Effect","ICER","Status","perspective"
"1","No Policy",6235.92552737733,1.71672176820701,NA,NA,NA,"ND","healthcare"
"2","Policy",80056.7532003505,1.71844129367926,73820.8276729732,0.00171952547225018,42930929.9945239,"ND","healthcare"
"3","No Policy",18283.6353214256,1.71672176820701,NA,NA,NA,"ND","societ"
"4","Policy",91912.7187902292,1.71844129367926,73629.0834688037,0.00171952547225018,42819420.0417701,"ND","societ"
