"","Strategy","Cost","Effect","Inc_Cost","Inc_Effect","ICER","Status","perspective"
"1","No Policy",6233.65999860654,1.71615210735392,NA,NA,NA,"ND","healthcare"
"2","Policy",79999.9473766668,1.71788468603503,73766.2873780603,0.00173257868111443,42576010.0722308,"ND","healthcare"
"3","No Policy",18275.9587433893,1.71615210735392,NA,NA,NA,"ND","societ"
"4","Policy",91851.1704090188,1.71788468603503,73575.2116656295,0.00173257868111443,42465726.069251,"ND","societ"
