"","Strategy","Cost","Effect","Inc_Cost","Inc_Effect","ICER","Status","perspective"
"1","No Policy",11140.4175877172,16.5334422588668,NA,NA,NA,"ND","healthcare"
"2","Policy",558445802.917342,16.5806337108698,558434662.499754,0.0471914520030481,11833385895.0491,"ND","healthcare"
"3","No Policy",34023.8960488869,16.5334422588668,NA,NA,NA,"ND","societ"
"4","Policy",558467827.506858,16.5806337108698,558433803.610809,0.0471914520030481,11833367694.9533,"ND","societ"
