"","Total_cost_health","Total_cost_societ","effect_disc"
"simulation_ 1",342296821539.805,341747473070.067,5628.91032389428
"simulation_ 2",149732893885.996,149004231133.345,5832.05070090923
