"","Total_cost_health","Total_cost_societ","effect_disc"
"simulation_ 1",342045525062.809,341502767037.656,5651.73967202695
"simulation_ 2",149620669028.55,148889871454.617,5896.22344751338
