"","Total_cost_health","Total_cost_societ","effect_disc"
"simulation_ 1",2589115321499597,2589111992537238,81751.3092005304
"simulation_ 2",1132956846139522,1132954450445352,232788.603606377
